grid_name,ent_t0,ent_t1,saf_t0,saf_t1
SA-23-X-C,Y1-09-01,Y2-02-15,Y2-02-01,Y2-06-30
SA-19-V-D,Y1-09-01,Y2-02-15,Y2-02-01,Y2-06-30
SA-21-V-D,Y1-09-01,Y2-02-15,Y2-02-01,Y2-06-30
SA-21-V-C,Y1-09-01,Y2-02-15,Y2-02-01,Y2-06-30
SA-21-X-C,Y1-09-01,Y2-02-15,Y2-02-01,Y2-06-30
SA-21-X-D,Y1-09-01,Y2-02-15,Y2-02-01,Y2-06-30
SA-22-V-C,Y1-09-01,Y2-02-15,Y2-02-01,Y2-06-30
SA-22-V-D,Y1-09-01,Y2-02-15,Y2-02-01,Y2-06-30
SA-22-X-C,Y1-09-01,Y2-02-15,Y2-02-01,Y2-06-30
SA-22-X-D,Y1-09-01,Y2-02-15,Y2-02-01,Y2-06-30
SA-23-V-C,Y1-09-01,Y2-02-15,Y2-02-01,Y2-06-30
SA-23-V-D,Y1-09-01,Y2-02-15,Y2-02-01,Y2-06-30
SA-23-V-B,Y1-09-01,Y2-02-15,Y2-02-01,Y2-06-30
SB-18-Z-A,Y1-09-01,Y2-02-15,Y2-02-01,Y2-06-30
SA-19-X-D,Y1-09-01,Y2-02-15,Y2-02-01,Y2-06-30
SA-19-X-C,Y1-09-01,Y2-02-15,Y2-02-01,Y2-06-30
SA-20-V-C,Y1-09-01,Y2-02-15,Y2-02-01,Y2-06-30
SA-20-V-D,Y1-09-01,Y2-02-15,Y2-02-01,Y2-06-30
SA-20-X-C,Y1-09-01,Y2-02-15,Y2-02-01,Y2-06-30
SA-20-X-D,Y1-09-01,Y2-02-15,Y2-02-01,Y2-06-30
SB-22-X-B,Y1-09-01,Y2-02-15,Y2-02-01,Y2-06-30
SB-23-V-A,Y1-09-01,Y2-02-15,Y2-02-01,Y2-06-30
SB-23-V-B,Y1-09-01,Y2-02-15,Y2-02-01,Y2-06-30
SA-23-Z-A,Y1-09-01,Y2-02-15,Y2-02-01,Y2-06-30
SA-23-V-A,Y1-09-01,Y2-02-15,Y2-02-01,Y2-06-30
SA-19-V-B,Y1-09-01,Y2-02-15,Y2-02-01,Y2-06-30
SB-19-V-A,Y1-09-01,Y2-02-15,Y2-02-01,Y2-06-30
SB-18-X-B,Y1-09-01,Y2-02-15,Y2-02-01,Y2-06-30
SA-19-Y-B,Y1-09-01,Y2-02-15,Y2-02-01,Y2-06-30
SB-21-Z-B,Y1-09-01,Y2-02-15,Y2-02-01,Y2-06-30
SB-21-X-C,Y1-09-01,Y2-02-15,Y2-02-01,Y2-06-30
SB-21-X-D,Y1-09-01,Y2-02-15,Y2-02-01,Y2-06-30
SA-21-Z-C,Y1-09-01,Y2-02-15,Y2-02-01,Y2-06-30
SA-21-Z-D,Y1-09-01,Y2-02-15,Y2-02-01,Y2-06-30
SA-21-Z-B,Y1-09-01,Y2-02-15,Y2-02-01,Y2-06-30
SA-21-Z-A,Y1-09-01,Y2-02-15,Y2-02-01,Y2-06-30
SA-21-Y-B,Y1-09-01,Y2-02-15,Y2-02-01,Y2-06-30
SA-21-Y-A,Y1-09-01,Y2-02-15,Y2-02-01,Y2-06-30
SA-22-Y-C,Y1-09-01,Y2-02-15,Y2-02-01,Y2-06-30
SA-22-Y-A,Y1-09-01,Y2-02-15,Y2-02-01,Y2-06-30
SA-22-Y-B,Y1-09-01,Y2-02-15,Y2-02-01,Y2-06-30
SA-22-Y-D,Y1-09-01,Y2-02-15,Y2-02-01,Y2-06-30
SA-22-Z-A,Y1-09-01,Y2-02-15,Y2-02-01,Y2-06-30
SA-22-Z-C,Y1-09-01,Y2-02-15,Y2-02-01,Y2-06-30
SA-23-Y-A,Y1-09-01,Y2-02-15,Y2-02-01,Y2-06-30
SA-23-Y-C,Y1-09-01,Y2-02-15,Y2-02-01,Y2-06-30
SA-22-Z-D,Y1-09-01,Y2-02-15,Y2-02-01,Y2-06-30
SA-22-Z-B,Y1-09-01,Y2-02-15,Y2-02-01,Y2-06-30
SB-22-Z-A,Y1-09-01,Y2-02-15,Y2-02-01,Y2-06-30
SB-22-Y-B,Y1-09-01,Y2-02-15,Y2-02-01,Y2-06-30
SB-22-Y-A,Y1-09-01,Y2-02-15,Y2-02-01,Y2-06-30
SB-22-V-C,Y1-09-01,Y2-02-15,Y2-02-01,Y2-06-30
SA-23-Y-D,Y1-09-01,Y2-02-15,Y2-02-01,Y2-06-30
SA-23-Y-B,Y1-09-01,Y2-02-15,Y2-02-01,Y2-06-30
SA-22-X-B,Y1-09-01,Y2-02-15,Y2-02-01,Y2-06-30
SA-22-X-A,Y1-09-01,Y2-02-15,Y2-02-01,Y2-06-30
SA-22-V-B,Y1-09-01,Y2-02-15,Y2-02-01,Y2-06-30
SA-22-V-A,Y1-09-01,Y2-02-15,Y2-02-01,Y2-06-30
SA-21-X-B,Y1-09-01,Y2-02-15,Y2-02-01,Y2-06-30
SA-21-X-A,Y1-09-01,Y2-02-15,Y2-02-01,Y2-06-30
SA-21-V-B,Y1-09-01,Y2-02-15,Y2-02-01,Y2-06-30
SA-21-V-A,Y1-09-01,Y2-02-15,Y2-02-01,Y2-06-30
SA-20-X-B,Y1-09-01,Y2-02-15,Y2-02-01,Y2-06-30
SA-20-X-A,Y1-09-01,Y2-02-15,Y2-02-01,Y2-06-30
SA-20-V-B,Y1-09-01,Y2-02-15,Y2-02-01,Y2-06-30
SA-20-V-A,Y1-09-01,Y2-02-15,Y2-02-01,Y2-06-30
SA-19-X-B,Y1-09-01,Y2-02-15,Y2-02-01,Y2-06-30
SA-19-X-A,Y1-09-01,Y2-02-15,Y2-02-01,Y2-06-30
SB-19-Z-A,Y1-09-01,Y2-02-15,Y2-02-01,Y2-06-30
SB-19-Z-B,Y1-09-01,Y2-02-15,Y2-02-01,Y2-06-30
SB-19-X-C,Y1-09-01,Y2-02-15,Y2-02-01,Y2-06-30
SB-19-X-D,Y1-09-01,Y2-02-15,Y2-02-01,Y2-06-30
SB-19-X-A,Y1-09-01,Y2-02-15,Y2-02-01,Y2-06-30
SB-19-X-B,Y1-09-01,Y2-02-15,Y2-02-01,Y2-06-30
SB-19-Y-B,Y1-09-01,Y2-02-15,Y2-02-01,Y2-06-30
SB-19-V-D,Y1-09-01,Y2-02-15,Y2-02-01,Y2-06-30
SB-19-V-B,Y1-09-01,Y2-02-15,Y2-02-01,Y2-06-30
SB-19-Y-A,Y1-09-01,Y2-02-15,Y2-02-01,Y2-06-30
SB-19-V-C,Y1-09-01,Y2-02-15,Y2-02-01,Y2-06-30
SB-18-Z-B,Y1-09-01,Y2-02-15,Y2-02-01,Y2-06-30
SB-18-X-D,Y1-09-01,Y2-02-15,Y2-02-01,Y2-06-30
SA-19-Y-D,Y1-09-01,Y2-02-15,Y2-02-01,Y2-06-30
SA-19-Z-C,Y1-09-01,Y2-02-15,Y2-02-01,Y2-06-30
SA-20-Y-B,Y1-09-01,Y2-02-15,Y2-02-01,Y2-06-30
SA-20-Z-A,Y1-09-01,Y2-02-15,Y2-02-01,Y2-06-30
SA-20-Z-B,Y1-09-01,Y2-02-15,Y2-02-01,Y2-06-30
SB-20-X-A,Y1-09-01,Y2-02-15,Y2-02-01,Y2-06-30
SB-20-X-B,Y1-09-01,Y2-02-15,Y2-02-01,Y2-06-30
SB-20-V-B,Y1-09-01,Y2-02-15,Y2-02-01,Y2-06-30
SB-20-V-A,Y1-09-01,Y2-02-15,Y2-02-01,Y2-06-30
SB-20-V-C,Y1-09-01,Y2-02-15,Y2-02-01,Y2-06-30
SB-20-V-D,Y1-09-01,Y2-02-15,Y2-02-01,Y2-06-30
SB-20-Y-A,Y1-09-01,Y2-02-15,Y2-02-01,Y2-06-30
SB-20-Y-B,Y1-09-01,Y2-02-15,Y2-02-01,Y2-06-30
SB-20-Z-A,Y1-09-01,Y2-02-15,Y2-02-01,Y2-06-30
SB-20-Z-B,Y1-09-01,Y2-02-15,Y2-02-01,Y2-06-30
SB-20-X-C,Y1-09-01,Y2-02-15,Y2-02-01,Y2-06-30
SB-20-X-D,Y1-09-01,Y2-02-15,Y2-02-01,Y2-06-30
SB-21-V-C,Y1-09-01,Y2-02-15,Y2-02-01,Y2-06-30
SB-21-V-D,Y1-09-01,Y2-02-15,Y2-02-01,Y2-06-30
SB-21-Y-A,Y1-09-01,Y2-02-15,Y2-02-01,Y2-06-30
SB-21-Y-B,Y1-09-01,Y2-02-15,Y2-02-01,Y2-06-30
SB-21-Z-A,Y1-09-01,Y2-02-15,Y2-02-01,Y2-06-30
SB-21-X-A,Y1-09-01,Y2-02-15,Y2-02-01,Y2-06-30
SB-21-X-B,Y1-09-01,Y2-02-15,Y2-02-01,Y2-06-30
SA-21-Y-D,Y1-09-01,Y2-02-15,Y2-02-01,Y2-06-30
SA-21-Y-C,Y1-09-01,Y2-02-15,Y2-02-01,Y2-06-30
SB-22-V-A,Y1-09-01,Y2-02-15,Y2-02-01,Y2-06-30
SB-22-V-B,Y1-09-01,Y2-02-15,Y2-02-01,Y2-06-30
SB-22-X-A,Y1-09-01,Y2-02-15,Y2-02-01,Y2-06-30
SB-22-X-C,Y1-09-01,Y2-02-15,Y2-02-01,Y2-06-30
SB-22-X-D,Y1-09-01,Y2-02-15,Y2-02-01,Y2-06-30
SB-23-V-C,Y1-09-01,Y2-02-15,Y2-02-01,Y2-06-30
SB-22-V-D,Y1-09-01,Y2-02-15,Y2-02-01,Y2-06-30
SB-23-V-D,Y1-09-01,Y2-02-15,Y2-02-01,Y2-06-30
SA-19-Z-A,Y1-09-01,Y2-02-15,Y2-02-01,Y2-06-30
SA-19-Z-D,Y1-09-01,Y2-02-15,Y2-02-01,Y2-06-30
SA-19-Z-B,Y1-09-01,Y2-02-15,Y2-02-01,Y2-06-30
SA-20-Y-A,Y1-09-01,Y2-02-15,Y2-02-01,Y2-06-30
SA-20-Y-D,Y1-09-01,Y2-02-15,Y2-02-01,Y2-06-30
SA-20-Y-C,Y1-09-01,Y2-02-15,Y2-02-01,Y2-06-30
SB-21-V-A,Y1-09-01,Y2-02-15,Y2-02-01,Y2-06-30
SB-21-V-B,Y1-09-01,Y2-02-15,Y2-02-01,Y2-06-30
SA-20-Z-C,Y1-09-01,Y2-02-15,Y2-02-01,Y2-06-30
SA-20-Z-D,Y1-09-01,Y2-02-15,Y2-02-01,Y2-06-30
NB-22-Y-D,Y1-11-01,Y2-03-31,Y2-04-01,Y2-08-31
NA-22-Z-A,Y1-11-01,Y2-03-31,Y2-04-01,Y2-08-31
NA-22-Z-D,Y1-11-01,Y2-03-31,Y2-04-01,Y2-08-31
NA-22-Y-B,Y1-11-01,Y2-03-31,Y2-04-01,Y2-08-31
NA-22-Y-A,Y1-11-01,Y2-03-31,Y2-04-01,Y2-08-31
NA-21-Z-B,Y1-11-01,Y2-03-31,Y2-04-01,Y2-08-31
NA-21-Z-A,Y1-11-01,Y2-03-31,Y2-04-01,Y2-08-31
NA-21-Y-B,Y1-11-01,Y2-03-31,Y2-04-01,Y2-08-31
NA-21-Y-A,Y1-11-01,Y2-03-31,Y2-04-01,Y2-08-31
NA-20-Z-B,Y1-11-01,Y2-03-31,Y2-04-01,Y2-08-31
NB-20-Y-C,Y1-11-01,Y2-03-31,Y2-04-01,Y2-08-31
NA-20-Y-B,Y1-11-01,Y2-03-31,Y2-04-01,Y2-08-31
NA-20-Z-A,Y1-11-01,Y2-03-31,Y2-04-01,Y2-08-31
NA-20-Y-A,Y1-11-01,Y2-03-31,Y2-04-01,Y2-08-31
NA-19-Z-B,Y1-11-01,Y2-03-31,Y2-04-01,Y2-08-31
NA-19-Z-A,Y1-11-01,Y2-03-31,Y2-04-01,Y2-08-31
NA-19-Y-B,Y1-11-01,Y2-03-31,Y2-04-01,Y2-08-31
NA-22-V-B,Y1-11-01,Y2-03-31,Y2-04-01,Y2-08-31
NA-22-X-A,Y1-11-01,Y2-03-31,Y2-04-01,Y2-08-31
NA-22-Z-C,Y1-11-01,Y2-03-31,Y2-04-01,Y2-08-31
NA-21-V-C,Y1-11-01,Y2-03-31,Y2-04-01,Y2-08-31
NB-20-Z-D,Y1-11-01,Y2-03-31,Y2-04-01,Y2-08-31
NB-21-Y-C,Y1-11-01,Y2-03-31,Y2-04-01,Y2-08-31
NB-20-Z-B,Y1-11-01,Y2-03-31,Y2-04-01,Y2-08-31
NB-21-Y-A,Y1-11-01,Y2-03-31,Y2-04-01,Y2-08-31
NB-20-Z-C,Y1-11-01,Y2-03-31,Y2-04-01,Y2-08-31
NB-20-Y-D,Y1-11-01,Y2-03-31,Y2-04-01,Y2-08-31
NA-20-V-A,Y1-11-01,Y2-03-31,Y2-04-01,Y2-08-31
NA-19-X-D,Y1-11-01,Y2-03-31,Y2-04-01,Y2-08-31
NA-19-X-C,Y1-11-01,Y2-03-31,Y2-04-01,Y2-08-31
NA-22-X-C,Y1-11-01,Y2-03-31,Y2-04-01,Y2-08-31
NA-22-Y-D,Y1-11-01,Y2-03-31,Y2-04-01,Y2-08-31
NA-22-Y-C,Y1-11-01,Y2-03-31,Y2-04-01,Y2-08-31
NA-21-Z-D,Y1-11-01,Y2-03-31,Y2-04-01,Y2-08-31
NA-21-Z-C,Y1-11-01,Y2-03-31,Y2-04-01,Y2-08-31
NA-21-X-C,Y1-11-01,Y2-03-31,Y2-04-01,Y2-08-31
NA-21-V-D,Y1-11-01,Y2-03-31,Y2-04-01,Y2-08-31
NA-21-Y-D,Y1-11-01,Y2-03-31,Y2-04-01,Y2-08-31
NA-21-Y-C,Y1-11-01,Y2-03-31,Y2-04-01,Y2-08-31
NA-20-Z-D,Y1-11-01,Y2-03-31,Y2-04-01,Y2-08-31
NA-20-X-D,Y1-11-01,Y2-03-31,Y2-04-01,Y2-08-31
NA-21-V-A,Y1-11-01,Y2-03-31,Y2-04-01,Y2-08-31
NA-20-V-D,Y1-11-01,Y2-03-31,Y2-04-01,Y2-08-31
NA-20-X-C,Y1-11-01,Y2-03-31,Y2-04-01,Y2-08-31
NA-20-Z-C,Y1-11-01,Y2-03-31,Y2-04-01,Y2-08-31
NA-20-Y-D,Y1-11-01,Y2-03-31,Y2-04-01,Y2-08-31
NA-20-Y-C,Y1-11-01,Y2-03-31,Y2-04-01,Y2-08-31
NA-19-Z-D,Y1-11-01,Y2-03-31,Y2-04-01,Y2-08-31
NA-19-Z-C,Y1-11-01,Y2-03-31,Y2-04-01,Y2-08-31
NA-19-Y-D,Y1-11-01,Y2-03-31,Y2-04-01,Y2-08-31
NA-22-V-C,Y1-11-01,Y2-03-31,Y2-04-01,Y2-08-31
NA-21-X-D,Y1-11-01,Y2-03-31,Y2-04-01,Y2-08-31
NA-20-V-B,Y1-11-01,Y2-03-31,Y2-04-01,Y2-08-31
NA-22-V-D,Y1-11-01,Y2-03-31,Y2-04-01,Y2-08-31
NA-20-X-B,Y1-11-01,Y2-03-31,Y2-04-01,Y2-08-31
NA-20-X-A,Y1-11-01,Y2-03-31,Y2-04-01,Y2-08-31
SH-21-V-D,Y1-01-01,Y1-04-30,Y1-10-01,Y2-11-15
SI-22-V-C,Y1-01-01,Y1-04-30,Y1-10-01,Y2-11-15
SH-21-Y-B,Y1-01-01,Y1-04-30,Y1-10-01,Y2-11-15
SH-21-X-A,Y1-01-01,Y1-04-30,Y1-10-01,Y2-11-15
SG-21-Z-D,Y1-01-01,Y1-04-30,Y1-10-01,Y2-11-15
SG-22-Z-D,Y1-01-01,Y1-04-30,Y1-10-01,Y2-11-15
SG-22-Z-C,Y1-01-01,Y1-04-30,Y1-10-01,Y2-11-15
SG-22-Y-D,Y1-01-01,Y1-04-30,Y1-10-01,Y2-11-15
SG-22-Y-C,Y1-01-01,Y1-04-30,Y1-10-01,Y2-11-15
SH-22-Z-A,Y1-01-01,Y1-04-30,Y1-10-01,Y2-11-15
SH-22-X-D,Y1-01-01,Y1-04-30,Y1-10-01,Y2-11-15
SH-21-X-C,Y1-01-01,Y1-04-30,Y1-10-01,Y2-11-15
SH-21-X-D,Y1-01-01,Y1-04-30,Y1-10-01,Y2-11-15
SH-21-X-B,Y1-01-01,Y1-04-30,Y1-10-01,Y2-11-15
SF-22-Y-D,Y1-01-01,Y1-04-30,Y1-10-01,Y2-11-15
SH-22-X-A,Y1-01-01,Y1-04-30,Y1-10-01,Y2-11-15
SH-22-V-B,Y1-01-01,Y1-04-30,Y1-10-01,Y2-11-15
SH-22-V-A,Y1-01-01,Y1-04-30,Y1-10-01,Y2-11-15
SG-22-Y-A,Y1-01-01,Y1-04-30,Y1-10-01,Y2-11-15
SH-22-V-C,Y1-01-01,Y1-04-30,Y1-10-01,Y2-11-15
SI-22-V-B,Y1-01-01,Y1-04-30,Y1-10-01,Y2-11-15
SH-22-Z-C,Y1-01-01,Y1-04-30,Y1-10-01,Y2-11-15
SH-22-X-C,Y1-01-01,Y1-04-30,Y1-10-01,Y2-11-15
SH-22-V-D,Y1-01-01,Y1-04-30,Y1-10-01,Y2-11-15
SH-22-X-B,Y1-01-01,Y1-04-30,Y1-10-01,Y2-11-15
SH-21-Z-C,Y1-01-01,Y1-04-30,Y1-10-01,Y2-11-15
SG-22-Z-B,Y1-01-01,Y1-04-30,Y1-10-01,Y2-11-15
SG-22-Z-A,Y1-01-01,Y1-04-30,Y1-10-01,Y2-11-15
SG-22-Y-B,Y1-01-01,Y1-04-30,Y1-10-01,Y2-11-15
SH-21-Z-B,Y1-01-01,Y1-04-30,Y1-10-01,Y2-11-15
SH-22-Y-A,Y1-01-01,Y1-04-30,Y1-10-01,Y2-11-15
SH-21-Z-D,Y1-01-01,Y1-04-30,Y1-10-01,Y2-11-15
SH-22-Y-C,Y1-01-01,Y1-04-30,Y1-10-01,Y2-11-15
SI-22-V-A,Y1-01-01,Y1-04-30,Y1-10-01,Y2-11-15
SH-22-Y-D,Y1-01-01,Y1-04-30,Y1-10-01,Y2-11-15
SH-22-Y-B,Y1-01-01,Y1-04-30,Y1-10-01,Y2-11-15
SH-21-Z-A,Y1-01-01,Y1-04-30,Y1-10-01,Y2-11-15
SG-22-V-C,Y1-01-01,Y1-04-30,Y1-10-01,Y2-11-15
SE-20-X-B,Y1-05-01,Y1-10-31,Y1-11-01,Y2-06-30
SD-20-Z-B,Y1-05-01,Y1-10-31,Y1-11-01,Y2-06-30
SD-22-Y-A,Y1-05-01,Y1-10-31,Y1-11-01,Y2-06-30
SD-21-Z-B,Y1-05-01,Y1-10-31,Y1-11-01,Y2-06-30
SD-20-Z-D,Y1-05-01,Y1-10-31,Y1-11-01,Y2-06-30
SD-21-Y-A,Y1-05-01,Y1-10-31,Y1-11-01,Y2-06-30
SD-21-Y-B,Y1-05-01,Y1-10-31,Y1-11-01,Y2-06-30
SD-21-Z-A,Y1-05-01,Y1-10-31,Y1-11-01,Y2-06-30
SD-20-X-C,Y1-05-01,Y1-10-31,Y1-11-01,Y2-06-30
SC-20-Z-C,Y1-05-01,Y1-10-31,Y1-11-01,Y2-06-30
SF-21-Z-C,Y1-05-01,Y1-10-31,Y1-11-01,Y2-06-30
SF-21-Y-B,Y1-05-01,Y1-10-31,Y1-11-01,Y2-06-30
SC-19-Z-C,Y1-05-01,Y1-10-31,Y1-11-01,Y2-06-30
SB-18-Z-C,Y1-05-01,Y1-10-31,Y1-11-01,Y2-06-30
SC-21-X-A,Y1-05-01,Y1-10-31,Y1-11-01,Y2-06-30
SC-21-X-B,Y1-05-01,Y1-10-31,Y1-11-01,Y2-06-30
SC-22-V-B,Y1-05-01,Y1-10-31,Y1-11-01,Y2-06-30
SC-22-V-A,Y1-05-01,Y1-10-31,Y1-11-01,Y2-06-30
SE-22-X-C,Y1-05-01,Y1-10-31,Y1-11-01,Y2-06-30
SE-22-V-D,Y1-05-01,Y1-10-31,Y1-11-01,Y2-06-30
SE-22-V-C,Y1-05-01,Y1-10-31,Y1-11-01,Y2-06-30
SE-21-X-D,Y1-05-01,Y1-10-31,Y1-11-01,Y2-06-30
SE-21-X-C,Y1-05-01,Y1-10-31,Y1-11-01,Y2-06-30
SE-21-V-A,Y1-05-01,Y1-10-31,Y1-11-01,Y2-06-30
SD-20-X-D,Y1-05-01,Y1-10-31,Y1-11-01,Y2-06-30
SC-20-Y-D,Y1-05-01,Y1-10-31,Y1-11-01,Y2-06-30
SD-20-V-A,Y1-05-01,Y1-10-31,Y1-11-01,Y2-06-30
SC-20-Y-C,Y1-05-01,Y1-10-31,Y1-11-01,Y2-06-30
SF-21-Z-A,Y1-05-01,Y1-10-31,Y1-11-01,Y2-06-30
SF-21-X-C,Y1-05-01,Y1-10-31,Y1-11-01,Y2-06-30
SF-21-X-D,Y1-05-01,Y1-10-31,Y1-11-01,Y2-06-30
SF-21-V-D,Y1-05-01,Y1-10-31,Y1-11-01,Y2-06-30
SF-22-V-C,Y1-05-01,Y1-10-31,Y1-11-01,Y2-06-30
SF-22-V-D,Y1-05-01,Y1-10-31,Y1-11-01,Y2-06-30
SC-19-Y-D,Y1-05-01,Y1-10-31,Y1-11-01,Y2-06-30
SC-19-Y-A,Y1-05-01,Y1-10-31,Y1-11-01,Y2-06-30
SC-18-X-A,Y1-05-01,Y1-10-31,Y1-11-01,Y2-06-30
SC-21-V-B,Y1-05-01,Y1-10-31,Y1-11-01,Y2-06-30
SB-21-Z-D,Y1-05-01,Y1-10-31,Y1-11-01,Y2-06-30
SB-22-Y-D,Y1-05-01,Y1-10-31,Y1-11-01,Y2-06-30
SB-22-Y-C,Y1-05-01,Y1-10-31,Y1-11-01,Y2-06-30
SC-21-X-D,Y1-05-01,Y1-10-31,Y1-11-01,Y2-06-30
SC-22-V-C,Y1-05-01,Y1-10-31,Y1-11-01,Y2-06-30
SC-22-Y-A,Y1-05-01,Y1-10-31,Y1-11-01,Y2-06-30
SC-21-Z-B,Y1-05-01,Y1-10-31,Y1-11-01,Y2-06-30
SC-22-Y-C,Y1-05-01,Y1-10-31,Y1-11-01,Y2-06-30
SC-21-Z-D,Y1-05-01,Y1-10-31,Y1-11-01,Y2-06-30
SD-21-X-D,Y1-05-01,Y1-10-31,Y1-11-01,Y2-06-30
SD-22-V-C,Y1-05-01,Y1-10-31,Y1-11-01,Y2-06-30
SC-22-Y-B,Y1-05-01,Y1-10-31,Y1-11-01,Y2-06-30
SC-22-V-D,Y1-05-01,Y1-10-31,Y1-11-01,Y2-06-30
SE-22-V-A,Y1-05-01,Y1-10-31,Y1-11-01,Y2-06-30
SD-22-Y-C,Y1-05-01,Y1-10-31,Y1-11-01,Y2-06-30
SE-21-X-B,Y1-05-01,Y1-10-31,Y1-11-01,Y2-06-30
SD-21-Z-D,Y1-05-01,Y1-10-31,Y1-11-01,Y2-06-30
SE-21-Z-C,Y1-05-01,Y1-10-31,Y1-11-01,Y2-06-30
SE-21-X-A,Y1-05-01,Y1-10-31,Y1-11-01,Y2-06-30
SE-21-Y-B,Y1-05-01,Y1-10-31,Y1-11-01,Y2-06-30
SE-21-V-B,Y1-05-01,Y1-10-31,Y1-11-01,Y2-06-30
SE-21-Y-D,Y1-05-01,Y1-10-31,Y1-11-01,Y2-06-30
SD-21-Y-C,Y1-05-01,Y1-10-31,Y1-11-01,Y2-06-30
SD-21-Y-D,Y1-05-01,Y1-10-31,Y1-11-01,Y2-06-30
SD-21-V-D,Y1-05-01,Y1-10-31,Y1-11-01,Y2-06-30
SD-21-X-C,Y1-05-01,Y1-10-31,Y1-11-01,Y2-06-30
SD-21-Z-C,Y1-05-01,Y1-10-31,Y1-11-01,Y2-06-30
SD-21-X-A,Y1-05-01,Y1-10-31,Y1-11-01,Y2-06-30
SD-21-V-B,Y1-05-01,Y1-10-31,Y1-11-01,Y2-06-30
SC-21-Y-D,Y1-05-01,Y1-10-31,Y1-11-01,Y2-06-30
SC-21-Z-C,Y1-05-01,Y1-10-31,Y1-11-01,Y2-06-30
SC-21-Z-A,Y1-05-01,Y1-10-31,Y1-11-01,Y2-06-30
SC-21-X-C,Y1-05-01,Y1-10-31,Y1-11-01,Y2-06-30
SC-21-Y-C,Y1-05-01,Y1-10-31,Y1-11-01,Y2-06-30
SC-20-Z-D,Y1-05-01,Y1-10-31,Y1-11-01,Y2-06-30
SD-20-X-B,Y1-05-01,Y1-10-31,Y1-11-01,Y2-06-30
SD-21-V-A,Y1-05-01,Y1-10-31,Y1-11-01,Y2-06-30
SD-21-V-C,Y1-05-01,Y1-10-31,Y1-11-01,Y2-06-30
SD-20-V-B,Y1-05-01,Y1-10-31,Y1-11-01,Y2-06-30
SD-20-X-A,Y1-05-01,Y1-10-31,Y1-11-01,Y2-06-30
SG-21-X-B,Y1-05-01,Y1-10-31,Y1-11-01,Y2-06-30
SF-21-Z-D,Y1-05-01,Y1-10-31,Y1-11-01,Y2-06-30
SF-21-Z-B,Y1-05-01,Y1-10-31,Y1-11-01,Y2-06-30
SF-21-V-B,Y1-05-01,Y1-10-31,Y1-11-01,Y2-06-30
SF-21-X-A,Y1-05-01,Y1-10-31,Y1-11-01,Y2-06-30
SF-21-X-B,Y1-05-01,Y1-10-31,Y1-11-01,Y2-06-30
SF-22-V-A,Y1-05-01,Y1-10-31,Y1-11-01,Y2-06-30
SF-22-Y-A,Y1-05-01,Y1-10-31,Y1-11-01,Y2-06-30
SF-22-Y-C,Y1-05-01,Y1-10-31,Y1-11-01,Y2-06-30
SF-22-V-B,Y1-05-01,Y1-10-31,Y1-11-01,Y2-06-30
SF-22-Y-B,Y1-05-01,Y1-10-31,Y1-11-01,Y2-06-30
SG-22-V-A,Y1-05-01,Y1-10-31,Y1-11-01,Y2-06-30
SC-19-Y-B,Y1-05-01,Y1-10-31,Y1-11-01,Y2-06-30
SC-19-Z-A,Y1-05-01,Y1-10-31,Y1-11-01,Y2-06-30
SC-19-Z-B,Y1-05-01,Y1-10-31,Y1-11-01,Y2-06-30
SC-19-X-B,Y1-05-01,Y1-10-31,Y1-11-01,Y2-06-30
SC-19-X-A,Y1-05-01,Y1-10-31,Y1-11-01,Y2-06-30
SC-19-V-B,Y1-05-01,Y1-10-31,Y1-11-01,Y2-06-30
SB-19-Z-C,Y1-05-01,Y1-10-31,Y1-11-01,Y2-06-30
SB-19-Y-D,Y1-05-01,Y1-10-31,Y1-11-01,Y2-06-30
SB-19-Z-D,Y1-05-01,Y1-10-31,Y1-11-01,Y2-06-30
SB-19-Y-C,Y1-05-01,Y1-10-31,Y1-11-01,Y2-06-30
SB-18-Z-D,Y1-05-01,Y1-10-31,Y1-11-01,Y2-06-30
SC-19-V-A,Y1-05-01,Y1-10-31,Y1-11-01,Y2-06-30
SB-20-Y-D,Y1-05-01,Y1-10-31,Y1-11-01,Y2-06-30
SB-20-Y-C,Y1-05-01,Y1-10-31,Y1-11-01,Y2-06-30
SC-20-V-A,Y1-05-01,Y1-10-31,Y1-11-01,Y2-06-30
SC-20-V-D,Y1-05-01,Y1-10-31,Y1-11-01,Y2-06-30
SC-20-V-B,Y1-05-01,Y1-10-31,Y1-11-01,Y2-06-30
SB-20-Z-C,Y1-05-01,Y1-10-31,Y1-11-01,Y2-06-30
SC-20-X-A,Y1-05-01,Y1-10-31,Y1-11-01,Y2-06-30
SC-20-X-C,Y1-05-01,Y1-10-31,Y1-11-01,Y2-06-30
SC-20-X-D,Y1-05-01,Y1-10-31,Y1-11-01,Y2-06-30
SC-20-X-B,Y1-05-01,Y1-10-31,Y1-11-01,Y2-06-30
SB-20-Z-D,Y1-05-01,Y1-10-31,Y1-11-01,Y2-06-30
SB-21-Y-C,Y1-05-01,Y1-10-31,Y1-11-01,Y2-06-30
SC-21-V-C,Y1-05-01,Y1-10-31,Y1-11-01,Y2-06-30
SC-21-V-A,Y1-05-01,Y1-10-31,Y1-11-01,Y2-06-30
SC-21-V-D,Y1-05-01,Y1-10-31,Y1-11-01,Y2-06-30
SB-21-Y-D,Y1-05-01,Y1-10-31,Y1-11-01,Y2-06-30
SB-21-Z-C,Y1-05-01,Y1-10-31,Y1-11-01,Y2-06-30
SD-21-X-B,Y1-05-01,Y1-10-31,Y1-11-01,Y2-06-30
SD-22-V-A,Y1-05-01,Y1-10-31,Y1-11-01,Y2-06-30
SE-22-Y-B,Y1-05-01,Y1-10-31,Y1-11-01,Y2-06-30
SE-22-Y-A,Y1-05-01,Y1-10-31,Y1-11-01,Y2-06-30
SE-21-Z-B,Y1-05-01,Y1-10-31,Y1-11-01,Y2-06-30
SE-21-Z-A,Y1-05-01,Y1-10-31,Y1-11-01,Y2-06-30
SE-21-V-D,Y1-05-01,Y1-10-31,Y1-11-01,Y2-06-30
SC-21-Y-B,Y1-05-01,Y1-10-31,Y1-11-01,Y2-06-30
SC-21-Y-A,Y1-05-01,Y1-10-31,Y1-11-01,Y2-06-30
SC-20-Y-B,Y1-05-01,Y1-10-31,Y1-11-01,Y2-06-30
SC-20-Y-A,Y1-05-01,Y1-10-31,Y1-11-01,Y2-06-30
SG-21-X-D,Y1-05-01,Y1-10-31,Y1-11-01,Y2-06-30
SE-21-Z-D,Y1-05-01,Y1-10-31,Y1-11-01,Y2-06-30
SE-22-Y-C,Y1-05-01,Y1-10-31,Y1-11-01,Y2-06-30
SE-22-Z-A,Y1-05-01,Y1-10-31,Y1-11-01,Y2-06-30
SE-22-Y-D,Y1-05-01,Y1-10-31,Y1-11-01,Y2-06-30
SC-19-V-D,Y1-05-01,Y1-10-31,Y1-11-01,Y2-06-30
SC-19-X-C,Y1-05-01,Y1-10-31,Y1-11-01,Y2-06-30
SC-19-X-D,Y1-05-01,Y1-10-31,Y1-11-01,Y2-06-30
SC-18-X-B,Y1-05-01,Y1-10-31,Y1-11-01,Y2-06-30
SC-18-X-D,Y1-05-01,Y1-10-31,Y1-11-01,Y2-06-30
SC-20-V-C,Y1-05-01,Y1-10-31,Y1-11-01,Y2-06-30
SC-20-Z-B,Y1-05-01,Y1-10-31,Y1-11-01,Y2-06-30
SC-20-Z-A,Y1-05-01,Y1-10-31,Y1-11-01,Y2-06-30
SE-22-Z-C,Y1-05-01,Y1-10-31,Y1-11-01,Y2-06-30
SC-19-V-C,Y1-05-01,Y1-10-31,Y1-11-01,Y2-06-30
SF-24-Y-C,Y1-05-15,Y1-11-15,Y1-10-15,Y2-06-15
SF-23-Z-D,Y1-05-15,Y1-11-15,Y1-10-15,Y2-06-15
SE-23-V-C,Y1-05-15,Y1-11-15,Y1-10-15,Y2-06-15
SE-22-X-D,Y1-05-15,Y1-11-15,Y1-10-15,Y2-06-15
SG-23-V-B,Y1-05-15,Y1-11-15,Y1-10-15,Y2-06-15
SF-23-Z-C,Y1-05-15,Y1-11-15,Y1-10-15,Y2-06-15
SF-24-Y-A,Y1-05-15,Y1-11-15,Y1-10-15,Y2-06-15
SF-23-X-D,Y1-05-15,Y1-11-15,Y1-10-15,Y2-06-15
SF-23-X-C,Y1-05-15,Y1-11-15,Y1-10-15,Y2-06-15
SF-23-V-D,Y1-05-15,Y1-11-15,Y1-10-15,Y2-06-15
SE-23-X-C,Y1-05-15,Y1-11-15,Y1-10-15,Y2-06-15
SE-23-V-D,Y1-05-15,Y1-11-15,Y1-10-15,Y2-06-15
SE-23-X-D,Y1-05-15,Y1-11-15,Y1-10-15,Y2-06-15
SE-24-V-C,Y1-05-15,Y1-11-15,Y1-10-15,Y2-06-15
SE-24-V-D,Y1-05-15,Y1-11-15,Y1-10-15,Y2-06-15
SF-24-V-B,Y1-05-15,Y1-11-15,Y1-10-15,Y2-06-15
SF-24-V-C,Y1-05-15,Y1-11-15,Y1-10-15,Y2-06-15
SF-22-X-C,Y1-05-15,Y1-11-15,Y1-10-15,Y2-06-15
SF-23-V-C,Y1-05-15,Y1-11-15,Y1-10-15,Y2-06-15
SF-22-X-D,Y1-05-15,Y1-11-15,Y1-10-15,Y2-06-15
SG-22-X-A,Y1-05-15,Y1-11-15,Y1-10-15,Y2-06-15
SG-22-X-B,Y1-05-15,Y1-11-15,Y1-10-15,Y2-06-15
SG-23-V-A,Y1-05-15,Y1-11-15,Y1-10-15,Y2-06-15
SE-23-V-A,Y1-05-15,Y1-11-15,Y1-10-15,Y2-06-15
SF-23-Y-D,Y1-05-15,Y1-11-15,Y1-10-15,Y2-06-15
SF-23-Z-B,Y1-05-15,Y1-11-15,Y1-10-15,Y2-06-15
SF-23-Z-A,Y1-05-15,Y1-11-15,Y1-10-15,Y2-06-15
SF-23-Y-B,Y1-05-15,Y1-11-15,Y1-10-15,Y2-06-15
SE-23-Z-A,Y1-05-15,Y1-11-15,Y1-10-15,Y2-06-15
SE-23-Y-B,Y1-05-15,Y1-11-15,Y1-10-15,Y2-06-15
SE-23-Z-B,Y1-05-15,Y1-11-15,Y1-10-15,Y2-06-15
SE-24-Y-A,Y1-05-15,Y1-11-15,Y1-10-15,Y2-06-15
SE-24-Y-B,Y1-05-15,Y1-11-15,Y1-10-15,Y2-06-15
SE-24-Y-D,Y1-05-15,Y1-11-15,Y1-10-15,Y2-06-15
SF-22-Z-A,Y1-05-15,Y1-11-15,Y1-10-15,Y2-06-15
SF-22-Z-C,Y1-05-15,Y1-11-15,Y1-10-15,Y2-06-15
SF-22-X-A,Y1-05-15,Y1-11-15,Y1-10-15,Y2-06-15
SF-22-X-B,Y1-05-15,Y1-11-15,Y1-10-15,Y2-06-15
SE-23-Y-A,Y1-05-15,Y1-11-15,Y1-10-15,Y2-06-15
SF-23-Y-A,Y1-05-15,Y1-11-15,Y1-10-15,Y2-06-15
SF-22-Z-B,Y1-05-15,Y1-11-15,Y1-10-15,Y2-06-15
SF-22-Z-D,Y1-05-15,Y1-11-15,Y1-10-15,Y2-06-15
SF-23-Y-C,Y1-05-15,Y1-11-15,Y1-10-15,Y2-06-15
SG-23-V-C,Y1-05-15,Y1-11-15,Y1-10-15,Y2-06-15
SG-22-V-B,Y1-05-15,Y1-11-15,Y1-10-15,Y2-06-15
SF-23-X-A,Y1-05-15,Y1-11-15,Y1-10-15,Y2-06-15
SF-23-V-B,Y1-05-15,Y1-11-15,Y1-10-15,Y2-06-15
SE-23-Z-C,Y1-05-15,Y1-11-15,Y1-10-15,Y2-06-15
SF-23-X-B,Y1-05-15,Y1-11-15,Y1-10-15,Y2-06-15
SE-23-Z-D,Y1-05-15,Y1-11-15,Y1-10-15,Y2-06-15
SE-24-Y-C,Y1-05-15,Y1-11-15,Y1-10-15,Y2-06-15
SF-24-V-A,Y1-05-15,Y1-11-15,Y1-10-15,Y2-06-15
SE-22-Z-B,Y1-05-15,Y1-11-15,Y1-10-15,Y2-06-15
SF-23-V-A,Y1-05-15,Y1-11-15,Y1-10-15,Y2-06-15
SG-22-X-D,Y1-05-15,Y1-11-15,Y1-10-15,Y2-06-15
SE-23-Y-D,Y1-05-15,Y1-11-15,Y1-10-15,Y2-06-15
SE-22-Z-D,Y1-05-15,Y1-11-15,Y1-10-15,Y2-06-15
SE-23-Y-C,Y1-05-15,Y1-11-15,Y1-10-15,Y2-06-15
SG-22-X-C,Y1-05-15,Y1-11-15,Y1-10-15,Y2-06-15
SG-22-V-D,Y1-05-15,Y1-11-15,Y1-10-15,Y2-06-15
SD-22-Z-A,Y1-10-15,Y1-12-15,Y1-11-15,Y2-06-15
SD-22-Z-B,Y1-10-15,Y1-12-15,Y1-11-15,Y2-06-15
SD-23-Y-A,Y1-10-15,Y1-12-15,Y1-11-15,Y2-06-15
SD-22-Y-B,Y1-10-15,Y1-12-15,Y1-11-15,Y2-06-15
SC-25-V-A,Y1-10-15,Y1-12-15,Y1-11-15,Y2-06-15
SC-25-V-C,Y1-10-15,Y1-12-15,Y1-11-15,Y2-06-15
SC-24-Z-D,Y1-10-15,Y1-12-15,Y1-11-15,Y2-06-15
SD-24-Z-C,Y1-10-15,Y1-12-15,Y1-11-15,Y2-06-15
SE-24-X-A,Y1-10-15,Y1-12-15,Y1-11-15,Y2-06-15
SD-24-Z-A,Y1-10-15,Y1-12-15,Y1-11-15,Y2-06-15
SD-24-Y-A,Y1-10-15,Y1-12-15,Y1-11-15,Y2-06-15
SD-23-Z-B,Y1-10-15,Y1-12-15,Y1-11-15,Y2-06-15
SD-23-Z-A,Y1-10-15,Y1-12-15,Y1-11-15,Y2-06-15
SD-23-Y-B,Y1-10-15,Y1-12-15,Y1-11-15,Y2-06-15
SA-24-Y-B,Y1-10-15,Y1-12-15,Y1-11-15,Y2-06-15
SA-24-Y-A,Y1-10-15,Y1-12-15,Y1-11-15,Y2-06-15
SA-23-Z-B,Y1-10-15,Y1-12-15,Y1-11-15,Y2-06-15
SC-22-X-B,Y1-10-15,Y1-12-15,Y1-11-15,Y2-06-15
SC-22-X-A,Y1-10-15,Y1-12-15,Y1-11-15,Y2-06-15
SC-22-Z-C,Y1-10-15,Y1-12-15,Y1-11-15,Y2-06-15
SC-23-V-A,Y1-10-15,Y1-12-15,Y1-11-15,Y2-06-15
SC-23-Y-C,Y1-10-15,Y1-12-15,Y1-11-15,Y2-06-15
SC-22-Z-D,Y1-10-15,Y1-12-15,Y1-11-15,Y2-06-15
SB-25-V-C,Y1-10-15,Y1-12-15,Y1-11-15,Y2-06-15
SB-25-Y-C,Y1-10-15,Y1-12-15,Y1-11-15,Y2-06-15
SC-24-Z-B,Y1-10-15,Y1-12-15,Y1-11-15,Y2-06-15
SC-24-X-B,Y1-10-15,Y1-12-15,Y1-11-15,Y2-06-15
SC-24-X-A,Y1-10-15,Y1-12-15,Y1-11-15,Y2-06-15
SC-24-V-B,Y1-10-15,Y1-12-15,Y1-11-15,Y2-06-15
SC-24-Z-C,Y1-10-15,Y1-12-15,Y1-11-15,Y2-06-15
SC-24-Y-D,Y1-10-15,Y1-12-15,Y1-11-15,Y2-06-15
SD-24-Y-B,Y1-10-15,Y1-12-15,Y1-11-15,Y2-06-15
SC-23-Z-C,Y1-10-15,Y1-12-15,Y1-11-15,Y2-06-15
SC-23-Y-D,Y1-10-15,Y1-12-15,Y1-11-15,Y2-06-15
SC-23-Z-D,Y1-10-15,Y1-12-15,Y1-11-15,Y2-06-15
SC-24-Y-C,Y1-10-15,Y1-12-15,Y1-11-15,Y2-06-15
SC-23-X-B,Y1-10-15,Y1-12-15,Y1-11-15,Y2-06-15
SC-24-V-A,Y1-10-15,Y1-12-15,Y1-11-15,Y2-06-15
SC-23-X-A,Y1-10-15,Y1-12-15,Y1-11-15,Y2-06-15
SC-23-V-B,Y1-10-15,Y1-12-15,Y1-11-15,Y2-06-15
SB-23-X-A,Y1-10-15,Y1-12-15,Y1-11-15,Y2-06-15
SB-23-X-B,Y1-10-15,Y1-12-15,Y1-11-15,Y2-06-15
SB-24-V-A,Y1-10-15,Y1-12-15,Y1-11-15,Y2-06-15
SB-24-V-B,Y1-10-15,Y1-12-15,Y1-11-15,Y2-06-15
SB-24-X-B,Y1-10-15,Y1-12-15,Y1-11-15,Y2-06-15
SB-24-X-A,Y1-10-15,Y1-12-15,Y1-11-15,Y2-06-15
SA-24-Z-C,Y1-10-15,Y1-12-15,Y1-11-15,Y2-06-15
SB-23-Y-A,Y1-10-15,Y1-12-15,Y1-11-15,Y2-06-15
SB-23-Y-C,Y1-10-15,Y1-12-15,Y1-11-15,Y2-06-15
SB-22-Z-D,Y1-10-15,Y1-12-15,Y1-11-15,Y2-06-15
SB-22-Z-B,Y1-10-15,Y1-12-15,Y1-11-15,Y2-06-15
SB-22-Z-C,Y1-10-15,Y1-12-15,Y1-11-15,Y2-06-15
SC-22-Y-D,Y1-10-15,Y1-12-15,Y1-11-15,Y2-06-15
SD-22-V-D,Y1-10-15,Y1-12-15,Y1-11-15,Y2-06-15
SC-22-Z-A,Y1-10-15,Y1-12-15,Y1-11-15,Y2-06-15
SC-22-X-C,Y1-10-15,Y1-12-15,Y1-11-15,Y2-06-15
SC-22-X-D,Y1-10-15,Y1-12-15,Y1-11-15,Y2-06-15
SC-22-Z-B,Y1-10-15,Y1-12-15,Y1-11-15,Y2-06-15
SC-23-V-C,Y1-10-15,Y1-12-15,Y1-11-15,Y2-06-15
SC-23-Y-A,Y1-10-15,Y1-12-15,Y1-11-15,Y2-06-15
SD-22-X-C,Y1-10-15,Y1-12-15,Y1-11-15,Y2-06-15
SD-22-X-D,Y1-10-15,Y1-12-15,Y1-11-15,Y2-06-15
SD-22-Z-C,Y1-10-15,Y1-12-15,Y1-11-15,Y2-06-15
SD-22-Z-D,Y1-10-15,Y1-12-15,Y1-11-15,Y2-06-15
SD-23-Y-C,Y1-10-15,Y1-12-15,Y1-11-15,Y2-06-15
SE-22-X-B,Y1-10-15,Y1-12-15,Y1-11-15,Y2-06-15
SE-22-X-A,Y1-10-15,Y1-12-15,Y1-11-15,Y2-06-15
SE-22-V-B,Y1-10-15,Y1-12-15,Y1-11-15,Y2-06-15
SD-22-Y-D,Y1-10-15,Y1-12-15,Y1-11-15,Y2-06-15
SE-23-V-B,Y1-10-15,Y1-12-15,Y1-11-15,Y2-06-15
SE-23-X-A,Y1-10-15,Y1-12-15,Y1-11-15,Y2-06-15
SE-23-X-B,Y1-10-15,Y1-12-15,Y1-11-15,Y2-06-15
SB-25-Y-A,Y1-10-15,Y1-12-15,Y1-11-15,Y2-06-15
SC-24-X-D,Y1-10-15,Y1-12-15,Y1-11-15,Y2-06-15
SC-24-X-C,Y1-10-15,Y1-12-15,Y1-11-15,Y2-06-15
SC-24-V-D,Y1-10-15,Y1-12-15,Y1-11-15,Y2-06-15
SC-24-Z-A,Y1-10-15,Y1-12-15,Y1-11-15,Y2-06-15
SC-24-Y-B,Y1-10-15,Y1-12-15,Y1-11-15,Y2-06-15
SD-24-X-A,Y1-10-15,Y1-12-15,Y1-11-15,Y2-06-15
SD-24-V-B,Y1-10-15,Y1-12-15,Y1-11-15,Y2-06-15
SD-24-X-C,Y1-10-15,Y1-12-15,Y1-11-15,Y2-06-15
SE-24-V-B,Y1-10-15,Y1-12-15,Y1-11-15,Y2-06-15
SD-24-Y-D,Y1-10-15,Y1-12-15,Y1-11-15,Y2-06-15
SD-24-V-A,Y1-10-15,Y1-12-15,Y1-11-15,Y2-06-15
SD-23-X-B,Y1-10-15,Y1-12-15,Y1-11-15,Y2-06-15
SD-24-Y-C,Y1-10-15,Y1-12-15,Y1-11-15,Y2-06-15
SE-24-V-A,Y1-10-15,Y1-12-15,Y1-11-15,Y2-06-15
SD-23-Z-D,Y1-10-15,Y1-12-15,Y1-11-15,Y2-06-15
SD-23-Z-C,Y1-10-15,Y1-12-15,Y1-11-15,Y2-06-15
SD-23-Y-D,Y1-10-15,Y1-12-15,Y1-11-15,Y2-06-15
SC-23-Z-A,Y1-10-15,Y1-12-15,Y1-11-15,Y2-06-15
SC-23-Y-B,Y1-10-15,Y1-12-15,Y1-11-15,Y2-06-15
SC-23-X-C,Y1-10-15,Y1-12-15,Y1-11-15,Y2-06-15
SC-23-V-D,Y1-10-15,Y1-12-15,Y1-11-15,Y2-06-15
SC-23-Z-B,Y1-10-15,Y1-12-15,Y1-11-15,Y2-06-15
SC-23-X-D,Y1-10-15,Y1-12-15,Y1-11-15,Y2-06-15
SC-24-Y-A,Y1-10-15,Y1-12-15,Y1-11-15,Y2-06-15
SC-24-V-C,Y1-10-15,Y1-12-15,Y1-11-15,Y2-06-15
SB-24-Y-C,Y1-10-15,Y1-12-15,Y1-11-15,Y2-06-15
SB-23-Z-D,Y1-10-15,Y1-12-15,Y1-11-15,Y2-06-15
SB-23-Z-C,Y1-10-15,Y1-12-15,Y1-11-15,Y2-06-15
SB-23-Y-D,Y1-10-15,Y1-12-15,Y1-11-15,Y2-06-15
SA-23-Z-C,Y1-10-15,Y1-12-15,Y1-11-15,Y2-06-15
SA-23-Z-D,Y1-10-15,Y1-12-15,Y1-11-15,Y2-06-15
SB-24-V-C,Y1-10-15,Y1-12-15,Y1-11-15,Y2-06-15
SA-24-Y-C,Y1-10-15,Y1-12-15,Y1-11-15,Y2-06-15
SA-24-Y-D,Y1-10-15,Y1-12-15,Y1-11-15,Y2-06-15
SB-24-V-D,Y1-10-15,Y1-12-15,Y1-11-15,Y2-06-15
SB-24-Y-D,Y1-10-15,Y1-12-15,Y1-11-15,Y2-06-15
SB-24-X-D,Y1-10-15,Y1-12-15,Y1-11-15,Y2-06-15
SB-24-X-C,Y1-10-15,Y1-12-15,Y1-11-15,Y2-06-15
SD-23-V-A,Y1-10-15,Y1-12-15,Y1-11-15,Y2-06-15
SD-22-X-B,Y1-10-15,Y1-12-15,Y1-11-15,Y2-06-15
SD-23-V-C,Y1-10-15,Y1-12-15,Y1-11-15,Y2-06-15
SD-23-X-D,Y1-10-15,Y1-12-15,Y1-11-15,Y2-06-15
SD-23-X-C,Y1-10-15,Y1-12-15,Y1-11-15,Y2-06-15
SD-23-V-D,Y1-10-15,Y1-12-15,Y1-11-15,Y2-06-15
SD-23-V-B,Y1-10-15,Y1-12-15,Y1-11-15,Y2-06-15
SD-23-X-A,Y1-10-15,Y1-12-15,Y1-11-15,Y2-06-15
SB-23-Y-B,Y1-10-15,Y1-12-15,Y1-11-15,Y2-06-15
SB-23-Z-A,Y1-10-15,Y1-12-15,Y1-11-15,Y2-06-15
SB-23-Z-B,Y1-10-15,Y1-12-15,Y1-11-15,Y2-06-15
SB-23-X-D,Y1-10-15,Y1-12-15,Y1-11-15,Y2-06-15
SB-23-X-C,Y1-10-15,Y1-12-15,Y1-11-15,Y2-06-15
SB-24-Z-C,Y1-10-15,Y1-12-15,Y1-11-15,Y2-06-15
SB-24-Z-A,Y1-10-15,Y1-12-15,Y1-11-15,Y2-06-15
SB-24-Z-B,Y1-10-15,Y1-12-15,Y1-11-15,Y2-06-15
SB-24-Z-D,Y1-10-15,Y1-12-15,Y1-11-15,Y2-06-15
SD-22-V-B,Y1-10-15,Y1-12-15,Y1-11-15,Y2-06-15
SD-22-X-A,Y1-10-15,Y1-12-15,Y1-11-15,Y2-06-15
SD-24-V-D,Y1-10-15,Y1-12-15,Y1-11-15,Y2-06-15
SD-24-V-C,Y1-10-15,Y1-12-15,Y1-11-15,Y2-06-15
SB-24-Y-A,Y1-10-15,Y1-12-15,Y1-11-15,Y2-06-15
SB-24-Y-B,Y1-10-15,Y1-12-15,Y1-11-15,Y2-06-15
